live_url,clicks_12m,impressions_12m,status,destination
/,4324,265856,KEEPS URL,/
/locations/tucson/,4163,320235,KEEPS URL,/locations/tucson/
/locations/chandler/,3860,305650,KEEPS URL,/locations/chandler/
/blog/how-long-does-meth-stay-in-my-system/,2145,96955,BLOG — no home,
/locations/scottsdale-arizona/,1092,168119,NO HOME,
/careers/,507,6424,mapped,/about/
/blog/do-i-need-to-undergo-alcohol-detox-after-a-relapse/,486,11320,BLOG — no home,
/locations/,394,182931,KEEPS URL,/locations/
/blog/xanax-treatment/,317,18237,BLOG — no home,
/blog/can-you-still-travel-with-a-dui/,264,49598,BLOG — no home,
/blog/common-opioid-list/,253,31318,BLOG — no home,
/blog/are-meth-detox-home-remed…-the-best-meth-treatment-option/,243,6422,BLOG — no home,
/blog/six-stages-of-alcoholism/,209,34377,BLOG — no home,
/insurance/ahcccs-insurance-for-addiction-treatment/,203,18197,mapped,/insurance/ahcccs-medicaid/
/blog/mocktails-for-recovering-…y-towards-healing-and-enjoyment/,186,11145,BLOG — no home,
/blog/what-to-say-to-a-drug-addict-who-relapsed/,167,9500,BLOG — no home,
/about-us/staff/,151,5389,STAFF BIO — no home,
/blog/top-5-substance-abuse-group-therapy-activities/,146,13326,BLOG — no home,
/locations/who-we-serve/in-state/phoenix-az/,125,30636,mapped,/locations/phoenix/
/contact-us/,122,16071,mapped,/about/contact/
/our-programs/virtual-iop-treatment-arizona/,118,14599,NO HOME,
/blog/mixing-stimulants-and-dep…gers-consequences-and-treatment/,100,56746,BLOG — no home,
/insurance/mercy-care/,91,1636,mapped,/insurance/ahcccs-medicaid/
/blog/negative-impacts-of-alcohol-on-society/,82,9083,BLOG — no home,
/blog/a-story-of-redemption-with-garrett-deetz/,70,719,BLOG — no home,
/chandler-facility/,70,5702,NO HOME,
/blog/suboxone-detox/,50,6551,BLOG — no home,
/blog/the-seven-primary-types-of-drugs/,46,16073,BLOG — no home,
/blog/benefits-of-voluntarily-e…addiction-treatment-after-a-dui/,43,1540,BLOG — no home,
/blog/alcohol-poisoning-symptoms-vs-signs-of-being-drunk/,40,20067,BLOG — no home,
/locations/cave-creek/,37,3824,NO HOME,
/about-us/staff/dr-paul-r-valbuena/,36,1537,STAFF BIO — no home,
/blog/repairing-the-relationshi…fe-after-drug-alcohol-treatment/,35,3127,BLOG — no home,
/blog/what-are-the-effects-of-tramadol/,35,21318,BLOG — no home,
/blog/alcohol-cleanse-diet/,34,5232,BLOG — no home,
/glossary/adderall/,34,1773,GLOSSARY — no home,
/about-us/faq/,31,1204,mapped,/admissions/
/blog/fentanyl-effects/,31,872,BLOG — no home,
/about-us/staff/julie-gable/,30,1059,STAFF BIO — no home,
/glossary/bath-salts/,30,14586,GLOSSARY — no home,
/our-programs/medication-assisted-treatment-mat/,30,8476,mapped,/what-we-treat/opioid-addiction/
/our-programs/iop-treatment-arizona/,28,5664,mapped,/programs/intensive-outpatient-iop/
/locations/who-we-serve/1182-2/,28,3552,NO HOME,
/blog/can-a-dui-lead-to-trauma/,26,1001,BLOG — no home,
/addiction-treatment/for-a-loved-one/,25,1750,mapped,/for-families/
/addiction-treatment/get-started/,25,2107,mapped,/admissions/
/blog/vicodin-dependence-short-and-long-term-effects/,24,13000,BLOG — no home,
/blog/what-is-hydrocodone/,24,8130,BLOG — no home,
/blog/meth-face/,22,7929,BLOG — no home,
/blog/will-alcohol-rehab-help-after-a-dui/,21,1095,BLOG — no home,
/insurance/in-network/american-indian-health-program/,21,540,mapped,/insurance/ahcccs-medicaid/
/locations/who-we-serve/new-mexico-rehab-facility/,21,6571,mapped,/locations/
/our-programs/medical-detox/,20,19814,mapped,/medical-detox/
/about-us/,19,6181,mapped,/about/
/glossary/ayahuasca/,17,6049,GLOSSARY — no home,
/blog/what-happens-when-i-arrive-at-treatment/,15,492,BLOG — no home,
/our-programs/,15,10651,mapped,/programs/
/blog/how-to-break-old-habits-a…g-an-addiction-treatment-center/,14,1585,BLOG — no home,
/blog/suboxone-withdrawal/,14,3688,BLOG — no home,
/about-us/staff/mike-kalesk/,13,369,STAFF BIO — no home,
/blog/xanax-withdrawal/,12,1951,BLOG — no home,
/locations/alcohol-and-drug-rehab-chandler-az/,12,550,NO HOME,
/notice-of-privacy-practices/,12,401,mapped,/
/about-us/staff/jill-byron/,11,436,STAFF BIO — no home,
/about-us/staff/lynn-santella/,11,138,STAFF BIO — no home,
/blog/hallucinogens-long-term-effects/,11,5019,BLOG — no home,
/blog/what-is-toxic-positivity-…es-it-affect-addiction-recovery/,11,522,BLOG — no home,
/locations/alcohol-and-drug-rehab-tucson-az/%20/,11,677,NO HOME,
/locations/who-we-serve/in-state/scottsdale/,11,6196,mapped,/locations/
/our-programs/medical-detox/dru…/stimulant-drug-detox/marijuana/,11,1640,NO HOME,
/our-programs/therapy/grief-therapy/,11,2234,mapped,/therapies/
/who-we-help/young-adults/,11,7808,mapped,/who-we-serve/
/blog/commonly-used-short-acting-opioids-list/,10,3618,BLOG — no home,
/blog/fear-of-leaving-rehab/,10,516,BLOG — no home,
/blog/how-does-language-affect-my-addiction-recovery/,10,600,BLOG — no home,
/blog/hydrocodone-and-alcohol/,10,5374,BLOG — no home,
/blog/the-2-different-types-of-addiction-with-examples/,10,2510,BLOG — no home,
/locations/who-we-serve/out-of-state/colorado-drug-rehab-center/,10,7564,mapped,/locations/
/about-us/staff/roxanne-maloney/,9,345,STAFF BIO — no home,
/about-us/staff/sean-kewin-dire…or-of-clinical-services-quality/,9,374,STAFF BIO — no home,
/blog/dependence-on-xanax/,9,2922,BLOG — no home,
/blog/do-i-have-to-quit-my-job-for-detox-and-recovery/,9,409,BLOG — no home,
/blog/hallucinogenic-drugs-exam…it-affect-ones-brain-and-health/,9,5822,BLOG — no home,
/blog/whats-the-difference-between-stimulants-depressants/,9,15624,BLOG — no home,
/blog/xanax-detox-is-it-safe-to-do-at-home/,9,956,BLOG — no home,
/insurance/,9,2006,KEEPS URL,/insurance/
/blog/hydrocodone-overdose/,8,5363,BLOG — no home,
/blog/legal-issues-associated-with-rehab/,8,372,BLOG — no home,
/blog/scared-to-go-to-rehab/,8,484,BLOG — no home,
/blog/talking-to-a-spouse-about-substance-use/,8,3592,BLOG — no home,
/blog/understanding-psychological-addiction/,8,1637,BLOG — no home,
/our-programs/therapy/group-therapy/,8,4738,mapped,/therapies/
/about-us/travel-help/,7,420,mapped,/locations/chandler/
/blog/does-age-impact-addiction-and-recovery/,7,416,BLOG — no home,
/blog/how-young-men-can-build-s…-esteem-following-alcohol-rehab/,7,958,BLOG — no home,
/blog/signs-you-may-be-nearing-a-fentanyl-overdose/,7,685,BLOG — no home,
/blog/why-connection-matters-so…an-intensive-outpatient-program/,7,222,BLOG — no home,
/locations/who-we-serve/out-of-state/florida-drug-rehab-centers/,7,2688,mapped,/locations/
/about-us/staff/jose-leon/,6,312,STAFF BIO — no home,
/blog/2024/09/,6,180,BLOG — no home,
/blog/distinguishing-between-self-care-and-aftercare/,6,534,BLOG — no home,
/blog/introducing-the-buena-vis…recovery-app-join-our-community/,6,322,BLOG — no home,
/blog/prescription-drug-withdrawal-symptoms/,6,5226,BLOG — no home,
/blog/the-emotional-impact-of-a-dui-conviction/,6,1011,BLOG — no home,
/insurance/in-network/,6,759,mapped,/insurance/
/about-us/staff/katie-noetzel/,5,163,STAFF BIO — no home,
/blog/balancing-work-while-in-addiction-recovery/,5,1710,BLOG — no home,
/blog/cognitive-behavioral-therapy-exercises/,5,1708,BLOG — no home,
/blog/creating-effective-boundaries-with-workplace-peers/,5,155,BLOG — no home,
/blog/from-the-grave-to-grace-the-burning-bush/,5,120,BLOG — no home,
/blog/how-do-i-adjust-to-life-after-dui-jail-time/,5,481,BLOG — no home,
/blog/how-to-prepare-for-a-dui-court-hearing/,5,417,BLOG — no home,
/blog/parents-with-addiction/,5,369,BLOG — no home,
/blog/what-are-the-differences-between-crack-and-cocaine/,5,2133,BLOG — no home,
/locations/who-we-serve/in-state/,5,805,mapped,/locations/
/our-programs/buena-vista-alumni-program/,5,129,NO HOME,
/our-programs/therapy/12-step-program/,5,2833,mapped,/therapies/
/our-programs/therapy/individual-counseling/,5,479,mapped,/therapies/
/who-we-help/professionals/impaired-physicians-program/,5,167,mapped,/referrals/
/about-us/staff/sara-cothern-lcsw/,4,95,STAFF BIO — no home,
/addiction-treatment/,4,6135,mapped,/programs/
/blog/,4,2453,mapped,/resources/
/blog/aerobic-exercise-and-addiction-recovery/,4,314,BLOG — no home,
/blog/creating-a-personalized-addiction-treatment-plan/,4,4840,BLOG — no home,
/blog/do-i-need-xanax-addiction-treatment/,4,4005,BLOG — no home,
/blog/how-antidepressants-can-help-you-recover-from-addiction/,4,669,BLOG — no home,
/blog/how-do-i-explain-dui-jail-time-to-my-family/,4,254,BLOG — no home,
/blog/intensive-outpatient-program/,4,271,BLOG — no home,
/blog/podcast-ep-2-meet-bobby-cording/,4,44,BLOG — no home,
/blog/sharing-inpatient-substan…tment-experience-with-your-wife/,4,405,BLOG — no home,
/blog/why-does-buena-vista-beli…gement-is-important-in-recovery/,4,1432,BLOG — no home,
/glossary/codeine/,4,1759,GLOSSARY — no home,
/glossary/oxycodone/,4,12779,GLOSSARY — no home,
/locations/who-we-serve/califor…stance-abuse-treatment-facility/,4,787,NO HOME,
/our-programs/medical-detox/drug-detox/opioid-drug-detox/,4,1656,mapped,/what-we-treat/opioid-addiction/
/our-programs/medical-detox/dru…detox/stimulant-drug-detox/meth/,4,2343,NO HOME,
/terms-of-use/,4,136,mapped,/
/tucson-facility/,4,1566,NO HOME,
/about-us/staff/luca-miller-bvr-alumni/,3,62,STAFF BIO — no home,
/blog/2024/10/,3,64,BLOG — no home,
/blog/alcohol-addiction-personality-traits/,3,755,BLOG — no home,
/blog/art-therapy-and-alcohol-addiction-how-does-it-work/,3,332,BLOG — no home,
/blog/can-learning-yoga-in-xana…n-recovery-improve-your-outcome/,3,730,BLOG — no home,
/blog/coping-skills-for-addiction/,3,796,BLOG — no home,
/blog/embracing-vulnerability-i…t-of-drug-and-alcohol-treatment/,3,599,BLOG — no home,
/blog/finding-hope-what-to-do-after-a-relapse/,3,442,BLOG — no home,
/blog/heroin-addiction/,3,34,BLOG — no home,
/blog/how-do-i-create-a-daily-r…an-intensive-outpatient-program/,3,262,BLOG — no home,
/blog/how-to-cultivate-self-con…ing-alcohol-detox-and-treatment/,3,313,BLOG — no home,
/blog/is-alcohol-use-among-men-more-common/,3,207,BLOG — no home,
/blog/overcoming-adverse-childhood-experiences-and-addiction/,3,437,BLOG — no home,
/blog/rehab-facts-vs-fiction/,3,171,BLOG — no home,
/blog/why-some-people-get-worse-after-rehab/,3,53,BLOG — no home,
/blog/your-guide-to-physical-addiction-and-how-to-get-help/,3,1312,BLOG — no home,
/insurance/out-of-network/presbyterian-insurance/,3,517,mapped,/insurance/
/locations/who-we-serve/out-of-state/,3,1054,mapped,/locations/
/our-programs/medical-detox/alcohol-detox/,3,2473,mapped,/what-we-treat/alcohol-addiction/
/our-programs/medical-detox/drug-detox/,3,3585,mapped,/medical-detox/
/our-programs/outpatient-treatment/,3,1262,mapped,/programs/intensive-outpatient-iop/
/site-map/,3,1280,mapped,/sitemap/
/blog/9-causes-of-alcohol-addic…ke-young-men-need-alcohol-rehab/,2,393,BLOG — no home,
/blog/alumni-program/,2,33,BLOG — no home,
/blog/attending-an-addiction-tr…-struggle-to-reach-out-for-help/,2,310,BLOG — no home,
/blog/buena-vista-recovery-prov…g-inspiration-hope-in-addiction/,2,144,BLOG — no home,
/blog/combating-seasonal-affect…disorder-for-relapse-prevention/,2,225,BLOG — no home,
/blog/drug-list-where-detox-is-needed-in-cases-of-addiction/,2,528,BLOG — no home,
/blog/dual-diagnosis-rehab/,2,524,BLOG — no home,
/blog/finding-the-courage-to-re…t-at-an-arizona-recovery-center/,2,14,BLOG — no home,
/blog/how-can-i-celebrate-success-in-sobriety/,2,116,BLOG — no home,
/blog/how-can-i-give-back-to-the-recovery-community/,2,51,BLOG — no home,
/blog/how-will-dui-jail-time-affect-my-recovery/,2,392,BLOG — no home,
/blog/individualized-care-impro…anagement-in-addiction-recovery/,2,168,BLOG — no home,
/blog/keeping-yourself-motivated-throughout-recovery/,2,68,BLOG — no home,
/blog/page/5/,2,144,BLOG — no home,
/blog/the-difference-between-slips-and-relapse-in-recovery/,2,398,BLOG — no home,
/blog/the-good-bad-and-ugly-wha…d-to-recovery-really-looks-like/,2,73,BLOG — no home,
/blog/the-role-of-community-in-relapse-prevention/,2,310,BLOG — no home,
/insurance/insurance-verification/,2,440,mapped,/insurance/verify-your-benefits/
/insurance/magellan-complete-care/,2,201,mapped,/insurance/ahcccs-medicaid/
/insurance/unitedhealthcare-insurance/,2,857,mapped,/insurance/
/locations/who-we-serve/illinois-rehab-centers/,2,1385,mapped,/locations/
/locations/who-we-serve/nevada-substance-abuse-treatment/,2,1702,mapped,/locations/
/our-programs/inpatient/,2,1121,mapped,/residential-treatment/
/privacy-policy/,2,146,mapped,/
/the-2-different-types-of-addiction-with-examples/,2,137,NO HOME,
/blog/2023/08/,1,23,BLOG — no home,
/blog/anxiety-medications-and-a…n-when-treatment-makes-it-worse/,1,126,BLOG — no home,
/blog/blog-substance-use-disorders-and-domestic-violence/,1,433,BLOG — no home,
/blog/buena-vista-playbook-what…he-benefits-of-anger-management/,1,63,BLOG — no home,
/blog/buena-vista-playbook-what-do-sober-people-do-for-fun/,1,702,BLOG — no home,
/blog/building-healthier-habits-at-buena-vista-recovery/,1,154,BLOG — no home,
/blog/co-occurring-disorders-and-substance-abuse/,1,45,BLOG — no home,
/blog/do-parents-know-the-signs-of-opioid-addiction/,1,61,BLOG — no home,
/blog/dos-and-donts-to-follow-w…ne-is-struggling-with-addiction/,1,26,BLOG — no home,
/blog/dual-diagnosis-treatment-arizona/,1,930,BLOG — no home,
/blog/fentanyl-addiction-signs/,1,109,BLOG — no home,
/blog/grief-therapy-for-addiction/,1,121,BLOG — no home,
/blog/heroin-withdrawal-timeline/,1,194,BLOG — no home,
/blog/how-can-i-find-purpose-af…tient-substance-abuse-treatment/,1,17,BLOG — no home,
/blog/how-do-i-create-a-relapse-prevention-plan-in-recovery/,1,1490,BLOG — no home,
/blog/how-do-i-set-boundaries-w…-friends-after-opioid-treatment/,1,74,BLOG — no home,
/blog/how-do-mental-health-disorders-inform-addiction/,1,1,BLOG — no home,
/blog/how-does-pain-management-in-addiction-recovery-work/,1,263,BLOG — no home,
/blog/how-long-does-alcohol-withdrawal-last/,1,79,BLOG — no home,
/blog/how-long-does-xanax-stay-in-your-system/,1,387,BLOG — no home,
/blog/how-to-build-a-positive-s…e-network-in-addiction-recovery/,1,174,BLOG — no home,
/blog/how-to-decide-if-a-12-step-program-is-right-for-me/,1,39,BLOG — no home,
/blog/how-to-get-help-for-addic…o-start-and-what-you-need-to-do/,1,276,BLOG — no home,
/blog/how-to-prepare-before-ent…g-an-addiction-treatment-center/,1,32,BLOG — no home,
/blog/how-will-recovery-affect-my-job/,1,321,BLOG — no home,
/blog/identifying-different-types-of-addiction-in-young-adults/,1,21,BLOG — no home,
/blog/is-it-too-late-for-me-to-…-alcohol-detox-for-my-addiction/,1,87,BLOG — no home,
/blog/managing-boredom-in-recovery/,1,545,BLOG — no home,
/blog/meth-addiction-treatment-and-recovery-where-to-find-help/,1,1151,BLOG — no home,
/blog/mixing-stimulants-and-depressants-dangers-consequences-/,1,70,BLOG — no home,
/blog/myths-about-medication-assisted-treatment/,1,282,BLOG — no home,
/blog/page/2/,1,27,BLOG — no home,
/blog/partial-hospitalization-p…s-iop-understand-the-difference/,1,190,BLOG — no home,
/blog/recollecting-your-life-after-a-dui/,1,47,BLOG — no home,
/blog/residential-vs-intensive-…t-programs-whats-the-difference/,1,765,BLOG — no home,
/blog/returning-to-work-after-substance-abuse-treatment/,1,90,BLOG — no home,
/blog/signs-that-your-loved-one-might-have-an-addiction/,1,31,BLOG — no home,
/blog/suboxone-detox-treatment/,1,29,BLOG — no home,
/blog/substance-abuse-therapy/,1,22,BLOG — no home,
/blog/substance-abuse-treatment-for-medical-professionals/,1,167,BLOG — no home,
/blog/the-benefits-of-mindfulne…tion-during-addiction-treatment/,1,341,BLOG — no home,
/blog/the-biology-of-detox/,1,704,BLOG — no home,
/blog/the-impact-of-addiction-on-the-family/,1,5,BLOG — no home,
/blog/the-importance-of-individ…zed-therapy-after-dui-jail-time/,1,68,BLOG — no home,
/blog/the-story-of-jesus-g-gutierrez/,1,13,BLOG — no home,
/blog/understanding-the-need-for-medical-detox/,1,17,BLOG — no home,
/blog/what-happens-in-outpatient-rehab/,1,931,BLOG — no home,
/blog/what-is-the-biology-of-addiction/,1,529,BLOG — no home,
/blog/what-is-the-connection-be…a-self-medicating-and-addiction/,1,85,BLOG — no home,
/blog/which-prescription-drugs-can-lead-to-addiction/,1,21,BLOG — no home,
/blog/who-makes-the-most-effective-supports-in-recovery/,1,7,BLOG — no home,
/blog/why-do-addicts-relapse-even-if-things-are-good/,1,297,BLOG — no home,
/blog/why-is-fentanyl-so-dangerous-a-detailed-look/,1,479,BLOG — no home,
/blog/why-you-should-consider-going-out-of-state-for-rehab/,1,117,BLOG — no home,
/blog/will-a-fentanyl-overdose-…ge-my-thought-process-long-term/,1,9,BLOG — no home,
/blog/xanax-addiction-treatment…an-whats-the-best-option-for-me/,1,1346,BLOG — no home,
/glossary/,1,622,mapped,/resources/
/glossary/addiction/,1,8,GLOSSARY — no home,
/glossary/benzodiazepines/,1,2277,GLOSSARY — no home,
/glossary/cocaine/,1,43,GLOSSARY — no home,
/glossary/depression/,1,7,GLOSSARY — no home,
/glossary/dwi/,1,2975,GLOSSARY — no home,
/glossary/ecstasy-mdma/,1,1181,GLOSSARY — no home,
/glossary/hydrocodone-facts/,1,835,GLOSSARY — no home,
/glossary/ketamine/,1,910,GLOSSARY — no home,
/glossary/painkillers/,1,26,GLOSSARY — no home,
/glossary/suboxone/,1,10,GLOSSARY — no home,
/insurance/beacon-insurance/,1,938,mapped,/insurance/
/insurance/cigna-insurance-for-addiction-treatment/,1,1903,mapped,/insurance/
/insurance/first-health-network-insurance/,1,1325,mapped,/insurance/
/insurance/humana-insurance-for-drug-alcohol-rehab/,1,164,mapped,/insurance/
/insurance/in-network/usa-mco-insurance/,1,104,mapped,/insurance/ahcccs-medicaid/
/insurance/kaiser_permanente_insurance/,1,1071,NO HOME,
/insurance/out-of-network/tricare/,1,2000,mapped,/insurance/
/iop-treatment-arizona/,1,69,NO HOME,
/locations/who-we-serve/in-state/998-2/,1,1764,mapped,/locations/
/our-programs/medical-detox/dru…detox/opioid-drug-detox/vicodin/,1,2183,NO HOME,
/our-programs/medical-detox/dru…x/prescription-drug-detox/xanax/,1,2111,NO HOME,
/our-programs/medical-detox/dru…ox/stimulant-drug-detox/cocaine/,1,666,NO HOME,
/our-programs/therapy/,1,437,mapped,/therapies/
/our-programs/therapy/cognitive-behavioral-therapy/,1,1594,mapped,/therapies/
/podcast/,1,223,mapped,/resources/
/sitemap/,1,285,KEEPS URL,/sitemap/
/who-we-help/,1,255,mapped,/who-we-serve/
/who-we-help/professionals/,1,2081,mapped,/referrals/
/about-us/our-vision-mission-and-values/,0,450,mapped,/about/
/about-us/why-buena-vista/,0,4193,mapped,/about/
/addiction-treatment/for-me/,0,281,mapped,/programs/
/blog/2019/01/,0,1,BLOG — no home,
/blog/2019/02/,0,3,BLOG — no home,
/blog/2021/03/,0,1,BLOG — no home,
/blog/2021/05/,0,1,BLOG — no home,
/blog/2021/06/,0,5,BLOG — no home,
/blog/2021/07/,0,28,BLOG — no home,
/blog/2022/04/,0,28,BLOG — no home,
/blog/2022/08/,0,6,BLOG — no home,
/blog/2022/09/,0,3,BLOG — no home,
/blog/2022/11/,0,1,BLOG — no home,
/blog/2022/12/,0,12,BLOG — no home,
/blog/2023/03/,0,7,BLOG — no home,
/blog/2023/06/,0,56,BLOG — no home,
/blog/2024/06/,0,3,BLOG — no home,
/blog/2024/07/,0,31,BLOG — no home,
/blog/2025/03/,0,34,BLOG — no home,
/blog/2025/05/,0,14,BLOG — no home,
/blog/5-ways-to-support-a-loved-one-in-rehab/,0,19,BLOG — no home,
/blog/addiction-recovery-care/,0,46,BLOG — no home,
/blog/addictions-and-recovery-relapse-prevention/,0,230,BLOG — no home,
/blog/alcohol-addiction/,0,3,BLOG — no home,
/blog/alcohol-detox-arizona/,0,26,BLOG — no home,
/blog/alcohol-detox-program/,0,6,BLOG — no home,
/blog/alcohol-detox-treatment/,0,703,BLOG — no home,
/blog/alcohol-effects/,0,45,BLOG — no home,
/blog/alcohol-withdrawal/,0,986,BLOG — no home,
/blog/anxiety-and-distress-two-signs-of-opioid-addiction/,0,50,BLOG — no home,
/blog/arizona-rehab-campus-in-t…reatment-and-the-right-facility/,0,171,BLOG — no home,
/blog/balancing-pain-management-in-addiction-recovery/,0,357,BLOG — no home,
/blog/balancing-the-costs-of-addiction/,0,18,BLOG — no home,
/blog/behavioral-health-tucson/,0,16,BLOG — no home,
/blog/benefits-of-rehab/,0,66,BLOG — no home,
/blog/binge-drinking-and-men-wh…a-quality-alcohol-detox-program/,0,307,BLOG — no home,
/blog/buena-vista-playbook-processing-grief-during-recovery/,0,7,BLOG — no home,
/blog/buena-vistarecovery-can-you-still-travel-with-a-dui/,0,1,BLOG — no home,
/blog/building-long-term-solutions-starts-with-alcohol-detox/,0,53,BLOG — no home,
/blog/can-health-insurance-pay-for-my-rehab-expenses/,0,76,BLOG — no home,
/blog/can-i-manage-addiction-while-still-attending-college/,0,37,BLOG — no home,
/blog/can-i-overcome-my-addicti…an-outpatient-treatment-program/,0,6,BLOG — no home,
/blog/can-i-use-insurance-to-pay-for-drug-and-alcohol-rehab/,0,1332,BLOG — no home,
/blog/can-reconnecting-with-you…ns-at-iop-arizona-help-you-heal/,0,6,BLOG — no home,
/blog/can-you-overcome-a-meth-addiction/,0,155,BLOG — no home,
/blog/can-you-travel-with-a-dui/,0,1,BLOG — no home,
/blog/causes-effects-and-overcoming-crystal-meth-addiction/,0,658,BLOG — no home,
/blog/celebrating-valentines-day-in-recovery/,0,2,BLOG — no home,
/blog/childhood-trauma-and-addiction/,0,8,BLOG — no home,
/blog/choosing-a-detox-center-d…tment-environment-really-matter/,0,146,BLOG — no home,
/blog/co-occurring-disorders-among-men/,0,55,BLOG — no home,
/blog/committing-yourself-to-a-continuum-of-addiction-care/,0,12,BLOG — no home,
/blog/common-signs-of-addiction/,0,7,BLOG — no home,
/blog/complications-of-alcohol-withdrawal/,0,11,BLOG — no home,
/blog/continuing-therapy-after-drug-and-alcohol-treatment/,0,32,BLOG — no home,
/blog/covid-19-and-substance-us…hy-you-need-addiction-treatment/,0,29,BLOG — no home,
/blog/dialectical-behavior-therapy/,0,42,BLOG — no home,
/blog/dieting-and-healthy-eating-habits-in-addiction-recovery/,0,6,BLOG — no home,
/blog/different-types-of-addictions-opiates-and-treatments/,0,8,BLOG — no home,
/blog/does-alcoholics-anonymous-actually-work/,0,63,BLOG — no home,
/blog/does-cave-creek-offer-rel…-prevention-skills-for-fentanyl/,0,2,BLOG — no home,
/blog/does-my-husband-need-to-s…k-an-addiction-treatment-center/,0,84,BLOG — no home,
/blog/does-the-setting-of-drug-…-creek-help-the-healing-process/,0,10,BLOG — no home,
/blog/does-your-adult-child-need-medical-detox/,0,14,BLOG — no home,
/blog/drug-addiction-treatment-…ay-from-drugs-and-avoid-relapse/,0,521,BLOG — no home,
/blog/dual-diagnosis-how-to-man…-health-and-addiction-treatment/,0,1,BLOG — no home,
/blog/facing-cocaine-detox-fears/,0,11,BLOG — no home,
/blog/fentanyl-addiction-signs-…-early-intervention-is-critical/,0,5,BLOG — no home,
/blog/fentanyl-overdose-why-is-fentanyl-so-dangerous/,0,137,BLOG — no home,
/blog/finding-addiction-treatment-centers-after-a-dui/,0,21,BLOG — no home,
/blog/finding-help-from-an-addiction-treatment-center/,0,8,BLOG — no home,
/blog/functional-alcoholism/,0,6,BLOG — no home,
/blog/getting-help-at-buena-vista-for-a-dual-diagnosis-as-a-man/,0,18,BLOG — no home,
/blog/glossary/withdrawal/,0,14,BLOG — no home,
/blog/grief-therapy-for-addiction-recovery/,0,358,BLOG — no home,
/blog/group-therapy/,0,406,BLOG — no home,
/blog/handling-inpatient-substance-abuse-treatment-with-kids/,0,150,BLOG — no home,
/blog/healing-from-addiction-an…-trauma-at-buena-vista-recovery/,0,9,BLOG — no home,
/blog/heroin-withdrawal-symptoms-medication/,0,15,BLOG — no home,
/blog/how-alcohol-addiction-com…r-finances-before-alcohol-detox/,0,6,BLOG — no home,
/blog/how-buena-vista-helps-men-develop-self-care-strategies/,0,20,BLOG — no home,
/blog/how-buena-vistas-opioid-t…t-program-helps-you-make-amends/,0,88,BLOG — no home,
/blog/how-can-a-routine-help-me…hrive-after-addiction-treatment/,0,7,BLOG — no home,
/blog/how-can-an-iop-in-arizona…lp-you-cope-with-stress-at-work/,0,8,BLOG — no home,
/blog/how-can-buena-vista-recov…-my-adult-child-fight-addiction/,0,19,BLOG — no home,
/blog/how-can-i-develop-a-healt…-sober-relationship-in-recovery/,0,101,BLOG — no home,
/blog/how-can-i-support-a-loved-one-in-recovery/,0,19,BLOG — no home,
/blog/how-can-immediate-relief-…ista-help-with-lasting-recovery/,0,6,BLOG — no home,
/blog/how-can-iops-help-me-maintain-sobriety/,0,53,BLOG — no home,
/blog/how-different-types-of-addiction-impact-your-sleep/,0,419,BLOG — no home,
/blog/how-difficult-is-cocaine-detox/,0,89,BLOG — no home,
/blog/how-do-i-choose-the-right-rehab/,0,51,BLOG — no home,
/blog/how-do-i-support-my-son-t…ugh-alcohol-addiction-treatment/,0,175,BLOG — no home,
/blog/how-do-pain-management-and-fentanyl-addiction-connect/,0,3,BLOG — no home,
/blog/how-does-a-healthy-diet-improve-mental-health/,0,10,BLOG — no home,
/blog/how-does-sleep-help-with-…anagement-in-addiction-recovery/,0,138,BLOG — no home,
/blog/how-does-social-media-impact-my-addiction-recovery/,0,37,BLOG — no home,
/blog/how-does-spirituality-in-recovery-affect-me/,0,337,BLOG — no home,
/blog/how-family-support-helps-in-addiction-treatment/,0,39,BLOG — no home,
/blog/how-group-individual-therapy-benefit-addiction-recovery/,0,110,BLOG — no home,
/blog/how-individual-therapy-ca…ild-your-social-support-network/,0,40,BLOG — no home,
/blog/how-learning-to-manage-st…th-fentanyl-overdose-prevention/,0,58,BLOG — no home,
/blog/how-long-do-drugs-stay-in-your-system/,0,72,BLOG — no home,
/blog/how-long-does-addiction-recovery-take/,0,7,BLOG — no home,
/blog/how-long-does-alcohol-stay-in-your-system/,0,148,BLOG — no home,
/blog/how-long-does-fentanyl-stay-in-your-system/,0,20,BLOG — no home,
/blog/how-long-does-it-take-to-detox-from-alcohol/,0,1399,BLOG — no home,
/blog/how-medically-assisted-alcohol-detox-saves-lives/,0,92,BLOG — no home,
/blog/how-opioid-treatment-help…nage-panic-disorder-while-sober/,0,7,BLOG — no home,
/blog/how-physical-trauma-affects-addiction/,0,2,BLOG — no home,
/blog/how-to-approach-a-loved-one-about-his-or-her-addiction/,0,3,BLOG — no home,
/blog/how-to-choose-the-best-in…tient-substance-abuse-treatment/,0,207,BLOG — no home,
/blog/how-to-combat-social-anxiety/,0,115,BLOG — no home,
/blog/how-to-handle-holiday-stress-in-recovery/,0,10,BLOG — no home,
/blog/how-to-stay-inspired-to-c…fter-drug-and-alcohol-treatment/,0,5,BLOG — no home,
/blog/how-your-diet-affects-addiction-recovery/,0,379,BLOG — no home,
/blog/hydrocodone-addiction/,0,311,BLOG — no home,
/blog/i-finished-alcohol-detox-and-treatment-now-what/,0,3,BLOG — no home,
/blog/identifying-the-signs-of-marijuana-addiction/,0,14,BLOG — no home,
/blog/is-addiction-genetic/,0,6,BLOG — no home,
/blog/is-an-intensive-outpatient-program-iop-right-for-me/,0,1,BLOG — no home,
/blog/is-cocaine-detox-different-for-men/,0,153,BLOG — no home,
/blog/is-inpatient-or-outpatien…etter-for-a-pain-pill-addiction/,0,11,BLOG — no home,
/blog/is-medication-assisted-treatment-effective/,0,1,BLOG — no home,
/blog/is-my-child-struggling-with-addiction/,0,20,BLOG — no home,
/blog/is-my-loved-one-struggling-with-addiction/,0,10,BLOG — no home,
/blog/is-social-anxiety-affecting-my-substance-use/,0,110,BLOG — no home,
/blog/learning-to-re-imagine-your-life-after-alcohol-detox/,0,54,BLOG — no home,
/blog/legal-issues-associated-w…social&utm_campaign=social_local/,0,44,BLOG — no home,
/blog/life-after-rehab-applying…s-learned-in-rehab-to-your-life/,0,151,BLOG — no home,
/blog/local-or-out-of-state-drug-detox-center-how-to-decide/,0,11,BLOG — no home,
/blog/mat-for-opioid-use/,0,217,BLOG — no home,
/blog/medical-detox-for-alcohol-addiction-and-the-next-steps/,0,23,BLOG — no home,
/blog/medical-detox-overcoming-abuse/,0,4,BLOG — no home,
/blog/medication-assisted-treatment/,0,27,BLOG — no home,
/blog/most-common-relapse-triggers-and-how-to-manage-them/,0,40,BLOG — no home,
/blog/natural-insomnia-remedies…-sheep-and-start-counting-zzzzs/,0,384,BLOG — no home,
/blog/opiate-addiction-treatment-options/,0,27,BLOG — no home,
/blog/opiate-detox-timeline/,0,14,BLOG — no home,
/blog/opiate-detox-treatment/,0,104,BLOG — no home,
/blog/opiod_addiction_and_chronic_pain/,0,1,BLOG — no home,
/blog/opioid-overdose-reversal/,0,51,BLOG — no home,
/blog/outpatient-rehab-building…support-network-managing-stress/,0,6,BLOG — no home,
/blog/overcoming-the-effects-of-anger-in-addiction-recovery/,0,21,BLOG — no home,
/blog/overcoming-the-effects-of-seasonal-affective-disorder-sad/,0,29,BLOG — no home,
/blog/overcoming-the-stigmas-of…en-pursuing-addiction-treatment/,0,2,BLOG — no home,
/blog/page/3/,0,17,BLOG — no home,
/blog/page/4/,0,38,BLOG — no home,
/blog/preparing-for-detox-setting-expectations/,0,7,BLOG — no home,
/blog/preventing-relapse-during-quarantine/,0,19,BLOG — no home,
/blog/recognizing-the-signs-and-symptoms-of-opioid-abuse/,0,1,BLOG — no home,
/blog/should-i-tell-my-family-i…-to-an-opioid-treatment-program/,0,14,BLOG — no home,
/blog/signs-and-symptoms-of-substance-abuse/,0,5,BLOG — no home,
/blog/still-travel-with-a-dui/,0,1,BLOG — no home,
/blog/suboxone-vs-methadone-in-…itioning-from-opioid-dependency/,0,2,BLOG — no home,
/blog/supporting-a-loved-one-th…ugh-anxiety-panic-and-addiction/,0,57,BLOG — no home,
/blog/taking-charge-of-your-sober-thanksgiving/,0,3,BLOG — no home,
/blog/the-benefits-of-group-therapy/,0,3,BLOG — no home,
/blog/the-dangerous-effects-of-depression/,0,265,BLOG — no home,
/blog/the-differences-between-i…outpatient-addiction-treatments/,0,323,BLOG — no home,
/blog/the-different-types-of-goals-to-set-for-2021/,0,4,BLOG — no home,
/blog/the-effects-of-addiction-on-children/,0,5,BLOG — no home,
/blog/the-impact-of-dui-jail-time-on-my-recovery/,0,20,BLOG — no home,
/blog/the-many-forms-of-addiction/,0,4,BLOG — no home,
/blog/the-role-of-comfort-and-luxury-in-overcoming-addiction/,0,15,BLOG — no home,
/blog/the-role-of-community-in-recovery/,0,82,BLOG — no home,
/blog/the-role-of-gratitude-in-addiction-recovery/,0,191,BLOG — no home,
/blog/understanding-addiction-as-a-disease-and-how-it-develops/,0,12,BLOG — no home,
/blog/understanding-alcohol-abuse/,0,2,BLOG — no home,
/blog/understanding-the-different-alcohol-detox-symptoms/,0,16,BLOG — no home,
/blog/using-medication-during-opioid-withdrawal/,0,24,BLOG — no home,
/blog/using-technology-to-facilitate-continued-healing/,0,5,BLOG — no home,
/blog/what-are-coping-skills-for-different-types-of-addiction/,0,4,BLOG — no home,
/blog/what-are-some-drug-and-al…ol-treatment-centers-in-arizona/,0,15,BLOG — no home,
/blog/what-are-the-benefits-of-cognitive-behavioral-therapy-cbt/,0,16,BLOG — no home,
/blog/what-are-the-signs-of-heroin-overdose/,0,6,BLOG — no home,
/blog/what-are-the-symptoms-of-alcohol-withdrawal/,0,102,BLOG — no home,
/blog/what-can-i-expect-in-residential-treatment/,0,9,BLOG — no home,
/blog/what-does-treatment-look-…izona-addiction-recovery-center/,0,10,BLOG — no home,
/blog/what-happens-to-my-brain-…i-become-addicted-to-substances/,0,159,BLOG — no home,
/blog/what-is-a-dual-diagnosis/,0,24,BLOG — no home,
/blog/what-is-high-functional-alcoholism/,0,15,BLOG — no home,
/blog/what-is-medical-detox/,0,47,BLOG — no home,
/blog/what-is-relapse-in-addiction/,0,180,BLOG — no home,
/blog/what-recovery-looks-like-6-months-after-rehab/,0,59,BLOG — no home,
/blog/what-you-need-to-know-about-alcohol-withdrawal/,0,14,BLOG — no home,
/blog/when-is-detwhen-is-detox-necessaryox-necessary/,0,23,BLOG — no home,
/blog/when-is-it-time-to-call-a…inpatient-rehabilitation-center/,0,21,BLOG — no home,
/blog/why-is-detox-necessary/,0,91,BLOG — no home,
/blog/why-is-family-education-important-in-addiction-recovery/,0,116,BLOG — no home,
/blog/will-medication-assisted-…-help-after-a-fentanyl-overdose/,0,29,BLOG — no home,
/blog/will-my-parents-support-m…ough-drug-and-alcohol-treatment/,0,142,BLOG — no home,
/blog/will-trying-a-detox-center-near-me-help/,0,4,BLOG — no home,
/blog/will-xanax-detox-have-negative-long-term-effects/,0,12,BLOG — no home,
/blog/work-related-anxiety-and-substance-abuse/,0,18,BLOG — no home,
/cocaine-detox-the-first-step-to-a-more-secure-life/,0,1,NO HOME,
/cocaine-detox-the-start-of-a-new-lifestyle/,0,8,NO HOME,
/glossary/alcohol/,0,13,GLOSSARY — no home,
/glossary/buprenorphine/,0,8,GLOSSARY — no home,
/glossary/dui/,0,30,GLOSSARY — no home,
/glossary/fentanyl/,0,288,GLOSSARY — no home,
/glossary/heroin/,0,1,GLOSSARY — no home,
/glossary/marijuana/,0,230,GLOSSARY — no home,
/glossary/methamphetamine/,0,17,GLOSSARY — no home,
/glossary/naloxone/,0,13,GLOSSARY — no home,
/glossary/opioids/,0,10,GLOSSARY — no home,
/glossary/withdrawal/,0,32,GLOSSARY — no home,
/how-do-i-explain-dui-jail-time-to-my-family/,0,33,NO HOME,
/insurance/bluecross-blueshield…surance-for-addiction-treatment/,0,417,NO HOME,
/insurance/cerner-insurance-for-addiction-treatment/,0,77,mapped,/insurance/
/insurance/compsych-insurance/,0,11,mapped,/insurance/
/insurance/harvard-pilgrim-insurance/,0,160,mapped,/insurance/
/insurance/in-network/care1st/,0,54,mapped,/insurance/ahcccs-medicaid/
/insurance/multiplan-insurance/,0,122,mapped,/insurance/
/insurance/out-of-network/,0,6,mapped,/insurance/
/insurance/out-of-network/anthe…surance-for-addiction-treatment/,0,17,NO HOME,
/insurance/out-of-network/magellan-health-insurance/,0,315,mapped,/insurance/
/insurance/tufts-health-insurance/,0,982,mapped,/insurance/
/local-or-out-of-state-drug-detox-center-how-to-decide/,0,10,NO HOME,
/locations/who-we-serve/,0,150,mapped,/who-we-serve/
/locations/who-we-serve/georgia-substance-abuse-treatment/,0,352,mapped,/locations/
/locations/who-we-serve/new-york-substance-abuse-treatment/,0,48,mapped,/locations/
/locations/who-we-serve/texas-drug-rehab-center/,0,159,mapped,/locations/
/our-programs/inpatient/alcoholism/,0,162,mapped,/what-we-treat/alcohol-addiction/
/our-programs/inpatient/substance-abuse/,0,223,mapped,/residential-treatment/
/our-programs/medical-detox/drug-detox/opioid-drug-detox/heroin/,0,308,mapped,/what-we-treat/opioid-addiction/
/our-programs/medical-detox/dru…tox/opioid-drug-detox/oxycontin/,0,425,NO HOME,
/our-programs/medical-detox/drug-detox/prescription-drug-detox/,0,1228,mapped,/what-we-treat/opioid-addiction/
/our-programs/medical-detox/drug-detox/stimulant-drug-detox/,0,768,mapped,/what-we-treat/stimulant-addiction/
/our-programs/therapy/trauma-focused-therapy/,0,82,mapped,/therapies/
/overcoming-the-effects-of-seasonal-affective-disorder-sad/,0,21,NO HOME,
/test/,0,3,NO HOME,
/what-does-compassionate-suppor…ook-like-in-inpatient-treatment/,0,97,NO HOME,
/wp-content/uploads/2020/06/ahcccs-620x483.jpg/,0,1,NO HOME,
/wp-content/uploads/2022/10/Biology-of-Addiction.png/,0,1,NO HOME,
/wp-content/uploads/2025/02/HIP…nt_Rights_Handout_BVHRC-copy.pdf/,0,3,NO HOME,
/out-of-state/utah/,0,2,NO HOME,
