source,destination,permanent
/about-us/,/about/,true
/about-us/faq/,/admissions/,true
/about-us/our-vision-mission-and-values/,/about/,true
/about-us/staff/,/about/,true
/about-us/staff/cindy-sneller/,/about/,true
/about-us/staff/dr-paul-r-valbuena/,/about/,true
/about-us/staff/jill-byron/,/,true
/about-us/staff/jose-leon/,/about/,true
/about-us/staff/julie-gable/,/about/,true
/about-us/staff/katie-noetzel/,/about/,true
/about-us/staff/luca-miller-bvr-alumni/,/,true
/about-us/staff/lynn-santella/,/about/,true
/about-us/staff/mike-kalesk/,/,true
/about-us/staff/roxanne-maloney/,/about/,true
/about-us/staff/sara-cothern-lcsw/,/about/,true
/about-us/staff/tj-carlini/,/about/,true
/about-us/travel-help/,/locations/chandler/,true
/about-us/why-buena-vista/,/about/,true
/addiction-treatment/,/programs/,true
/addiction-treatment/for-a-loved-one/,/for-families/,true
/addiction-treatment/for-me/,/programs/,true
/addiction-treatment/get-started/,/admissions/,true
/blog/2023/08/,/blog/,true
/blog/2024/09/,/blog/,true
/blog/2024/10/,/blog/,true
/blog/5-common-causes-of-addiction-and-how-to-cope-with-them/,/blog/,true
/blog/5-ways-to-support-a-loved-one-in-rehab/,/for-families/,true
/blog/9-causes-of-alcohol-addiction-that-make-young-men-need-alcohol-rehab/,/what-we-treat/alcohol-addiction/,true
/blog/a-story-of-redemption-with-garrett-deetz/,/blog/,true
/blog/addiction-recovery-care/,/insurance/,true
/blog/addictions-and-recovery-relapse-prevention/,/insurance/,true
/blog/addressing-the-social-needs-of-men-in-recovery/,/insurance/,true
/blog/aerobic-exercise-and-addiction-recovery/,/insurance/,true
/blog/alcohol-addiction-personality-traits/,/what-we-treat/alcohol-addiction/,true
/blog/alcohol-addiction/,/what-we-treat/alcohol-addiction/,true
/blog/alcohol-detox-alcoholism/,/what-we-treat/alcohol-addiction/,true
/blog/alcohol-detox-arizona/,/what-we-treat/alcohol-addiction/,true
/blog/alcohol-detox-program/,/what-we-treat/alcohol-addiction/,true
/blog/alcohol-detox-treatment/,/what-we-treat/alcohol-addiction/,true
/blog/alcohol-effects/,/what-we-treat/alcohol-addiction/,true
/blog/alcohol-withdrawal/,/what-we-treat/alcohol-addiction/,true
/blog/alumni-program/,/programs/aftercare/,true
/blog/anxiety-and-distress-two-signs-of-opioid-addiction/,/what-we-treat/opioid-addiction/,true
/blog/anxiety-medications-and-addiction-when-treatment-makes-it-worse/,/what-we-treat/anxiety/,true
/blog/arizona-rehab-campus-in-tucson-finding-treatment-and-the-right-facility/,/blog/,true
/blog/art-therapy-and-alcohol-addiction-how-does-it-work/,/what-we-treat/alcohol-addiction/,true
/blog/attending-an-addiction-treatment-center-why-men-struggle-to-reach-out-for-help/,/residential-treatment/,true
/blog/balancing-pain-management-in-addiction-recovery/,/insurance/,true
/blog/balancing-the-costs-of-addiction/,/insurance/,true
/blog/balancing-work-while-in-addiction-recovery/,/insurance/,true
/blog/behavioral-health-tucson/,/blog/,true
/blog/benefits-of-rehab/,/blog/,true
/blog/binge-drinking-and-men-where-to-find-a-quality-alcohol-detox-program/,/what-we-treat/alcohol-addiction/,true
/blog/blog-substance-use-disorders-and-domestic-violence/,/blog/,true
/blog/blog/,/blog/,true
/blog/breaking-the-cycle-understanding-addiction-beyond-choice/,/blog/,true
/blog/buena-vista-playbook-processing-grief-during-recovery/,/insurance/,true
/blog/buena-vista-playbook-what-are-the-benefits-of-anger-management/,/blog/,true
/blog/buena-vista-playbook-what-do-sober-people-do-for-fun/,/blog/,true
/blog/buena-vista-recovery-playbook-embracing-the-outdoors-in-recovery-this-spring/,/insurance/,true
/blog/buena-vista-recovery-providing-inspiration-hope-in-addiction/,/insurance/,true
/blog/building-healthier-habits-at-buena-vista-recovery/,/insurance/,true
/blog/building-long-term-solutions-starts-with-alcohol-detox/,/what-we-treat/alcohol-addiction/,true
/blog/can-a-dui-lead-to-trauma/,/what-we-treat/alcohol-addiction/,true
/blog/can-health-insurance-pay-for-my-rehab-expenses/,/insurance/,true
/blog/can-i-manage-addiction-while-still-attending-college/,/blog/,true
/blog/can-i-overcome-my-addiction-with-an-outpatient-treatment-program/,/blog/,true
/blog/can-i-pursue-love-in-recovery/,/insurance/,true
/blog/can-i-use-insurance-to-pay-for-drug-and-alcohol-rehab/,/what-we-treat/alcohol-addiction/,true
/blog/can-learning-yoga-in-xanax-addiction-recovery-improve-your-outcome/,/what-we-treat/benzodiazepine-addiction/,true
/blog/can-reconnecting-with-your-emotions-at-iop-arizona-help-you-heal/,/blog/,true
/blog/can-you-fail-rehab-what-that-actually-means/,/blog/,true
/blog/can-you-overcome-a-meth-addiction/,/what-we-treat/stimulant-addiction/,true
/blog/causes-effects-and-overcoming-crystal-meth-addiction/,/what-we-treat/stimulant-addiction/,true
/blog/celebrating-valentines-day-in-recovery/,/insurance/,true
/blog/childhood-trauma-and-addiction/,/dual-diagnosis/,true
/blog/choosing-a-detox-center-does-the-treatment-environment-really-matter/,/medical-detox/,true
/blog/co-occurring-disorders-among-men/,/dual-diagnosis/,true
/blog/co-occurring-disorders-and-substance-abuse/,/dual-diagnosis/,true
/blog/cocaine-detox-the-first-step-to-a-more-secure-life/,/what-we-treat/stimulant-addiction/,true
/blog/cocaine-detox-the-start-of-a-new-lifestyle/,/what-we-treat/stimulant-addiction/,true
/blog/cocaine-vs-meth-which-is-harder-to-quit/,/what-we-treat/stimulant-addiction/,true
/blog/cognitive-behavioral-therapy-exercises/,/therapies/,true
/blog/combating-seasonal-affective-disorder-for-relapse-prevention/,/programs/aftercare/,true
/blog/committing-yourself-to-a-continuum-of-addiction-care/,/blog/,true
/blog/common-signs-of-addiction/,/blog/,true
/blog/commonly-used-short-acting-opioids-list/,/what-we-treat/opioid-addiction/,true
/blog/complications-of-alcohol-withdrawal/,/what-we-treat/alcohol-addiction/,true
/blog/contingency-nanagement-therapy-effective-addiction-treatment-barriers/,/therapies/,true
/blog/continuing-therapy-after-drug-and-alcohol-treatment/,/what-we-treat/alcohol-addiction/,true
/blog/coping-skills-for-addiction/,/blog/,true
/blog/creating-a-personalized-addiction-treatment-plan/,/blog/,true
/blog/creating-effective-boundaries-with-workplace-peers/,/about/,true
/blog/dependence-on-xanax/,/what-we-treat/benzodiazepine-addiction/,true
/blog/detox-in-chandler-same-day-admissions-available/,/medical-detox/,true
/blog/dialectical-behavior-therapy/,/therapies/,true
/blog/dieting-and-healthy-eating-habits-in-addiction-recovery/,/insurance/,true
/blog/different-types-of-addictions-opiates-and-treatments/,/what-we-treat/opioid-addiction/,true
/blog/distinguishing-between-self-care-and-aftercare/,/programs/aftercare/,true
/blog/do-i-have-to-quit-my-job-for-detox-and-recovery/,/medical-detox/,true
/blog/do-i-need-xanax-addiction-treatment/,/what-we-treat/benzodiazepine-addiction/,true
/blog/do-parents-know-the-signs-of-opioid-addiction/,/what-we-treat/opioid-addiction/,true
/blog/does-age-impact-addiction-and-recovery/,/insurance/,true
/blog/does-alcoholics-anonymous-actually-work/,/what-we-treat/alcohol-addiction/,true
/blog/does-my-husband-need-to-seek-an-addiction-treatment-center/,/for-families/,true
/blog/does-your-adult-child-need-medical-detox/,/for-families/,true
/blog/dos-and-donts-to-follow-when-your-loved-one-is-struggling-with-addiction/,/for-families/,true
/blog/drug-addiction-treatment-how-to-stay-away-from-drugs-and-avoid-relapse/,/programs/aftercare/,true
/blog/drug-list-where-detox-is-needed-in-cases-of-addiction/,/medical-detox/,true
/blog/dual-diagnosis-how-to-manage-my-mental-health-and-addiction-treatment/,/dual-diagnosis/,true
/blog/dual-diagnosis-rehab/,/dual-diagnosis/,true
/blog/dual-diagnosis-treatment-arizona/,/dual-diagnosis/,true
/blog/embracing-vulnerability-is-part-of-drug-and-alcohol-treatment/,/what-we-treat/alcohol-addiction/,true
/blog/facing-cocaine-detox-fears/,/what-we-treat/stimulant-addiction/,true
/blog/fear-of-leaving-rehab/,/blog/,true
/blog/fentanyl-addiction-signs-why-early-intervention-is-critical/,/what-we-treat/opioid-addiction/fentanyl/,true
/blog/fentanyl-addiction-signs/,/what-we-treat/opioid-addiction/fentanyl/,true
/blog/fentanyl-overdose-why-is-fentanyl-so-dangerous/,/what-we-treat/opioid-addiction/fentanyl/,true
/blog/finding-addiction-treatment-centers-after-a-dui/,/what-we-treat/alcohol-addiction/,true
/blog/finding-help-from-an-addiction-treatment-center/,/residential-treatment/,true
/blog/finding-hope-what-to-do-after-a-relapse/,/programs/aftercare/,true
/blog/finding-the-courage-to-receive-treatment-at-an-arizona-recovery-center/,/insurance/,true
/blog/from-the-grave-to-grace-the-burning-bush/,/blog/,true
/blog/functional-alcoholism/,/what-we-treat/alcohol-addiction/,true
/blog/gallery/,/blog/,true
/blog/getting-help-at-buena-vista-for-a-dual-diagnosis-as-a-man/,/dual-diagnosis/,true
/blog/glossary/adderall/,/what-we-treat/stimulant-addiction/,true
/blog/glossary/addiction/,/blog/,true
/blog/glossary/alcohol/,/what-we-treat/alcohol-addiction/,true
/blog/glossary/ayahuasca/,/blog/,true
/blog/glossary/bath-salts/,/blog/,true
/blog/glossary/benzodiazepines/,/what-we-treat/benzodiazepine-addiction/,true
/blog/glossary/buprenorphine/,/blog/,true
/blog/glossary/cocaine/,/what-we-treat/stimulant-addiction/,true
/blog/glossary/codeine/,/what-we-treat/opioid-addiction/,true
/blog/glossary/depression/,/what-we-treat/depression/,true
/blog/glossary/dui/,/what-we-treat/alcohol-addiction/,true
/blog/glossary/dwi/,/blog/,true
/blog/glossary/ecstasy-mdma/,/blog/,true
/blog/glossary/fentanyl/,/what-we-treat/opioid-addiction/fentanyl/,true
/blog/glossary/heroin/,/what-we-treat/opioid-addiction/,true
/blog/glossary/hydrocodone-facts/,/what-we-treat/opioid-addiction/,true
/blog/glossary/ketamine/,/blog/,true
/blog/glossary/marijuana/,/blog/,true
/blog/glossary/methamphetamine/,/what-we-treat/stimulant-addiction/,true
/blog/glossary/naloxone/,/what-we-treat/opioid-addiction/,true
/blog/glossary/opioids/,/what-we-treat/opioid-addiction/,true
/blog/glossary/oxycodone/,/what-we-treat/opioid-addiction/,true
/blog/glossary/painkillers/,/blog/,true
/blog/glossary/suboxone/,/what-we-treat/opioid-addiction/,true
/blog/glossary/withdrawal/,/medical-detox/,true
/blog/grief-therapy-for-addiction-recovery/,/therapies/,true
/blog/grief-therapy-for-addiction/,/therapies/,true
/blog/group-therapy/,/therapies/,true
/blog/hallucinogenic-drugs-example-list-how-it-affect-ones-brain-and-health/,/blog/,true
/blog/hallucinogens-long-term-effects/,/blog/,true
/blog/handling-inpatient-substance-abuse-treatment-with-kids/,/residential-treatment/,true
/blog/healing-from-addiction-and-childhood-trauma-at-buena-vista-recovery/,/dual-diagnosis/,true
/blog/heroin-addiction/,/what-we-treat/opioid-addiction/,true
/blog/heroin-withdrawal-symptoms-medication/,/what-we-treat/opioid-addiction/,true
/blog/heroin-withdrawal-timeline/,/what-we-treat/opioid-addiction/,true
/blog/how-alcohol-addiction-complicates-your-finances-before-alcohol-detox/,/what-we-treat/alcohol-addiction/,true
/blog/how-antidepressants-can-help-you-recover-from-addiction/,/what-we-treat/depression/,true
/blog/how-buena-vista-helps-men-develop-self-care-strategies/,/blog/,true
/blog/how-buena-vistas-opioid-treatment-program-helps-you-make-amends/,/what-we-treat/opioid-addiction/,true
/blog/how-can-a-routine-help-me-thrive-after-addiction-treatment/,/blog/,true
/blog/how-can-an-iop-in-arizona-help-you-cope-with-stress-at-work/,/about/,true
/blog/how-can-buena-vista-recovery-help-my-adult-child-fight-addiction/,/for-families/,true
/blog/how-can-i-celebrate-success-in-sobriety/,/blog/,true
/blog/how-can-i-develop-a-healthy-sober-relationship-in-recovery/,/for-families/,true
/blog/how-can-i-find-purpose-after-inpatient-substance-abuse-treatment/,/residential-treatment/,true
/blog/how-can-i-give-back-to-the-recovery-community/,/insurance/,true
/blog/how-can-i-support-a-loved-one-in-recovery/,/for-families/,true
/blog/how-can-immediate-relief-at-buena-vista-help-with-lasting-recovery/,/insurance/,true
/blog/how-can-iops-help-me-maintain-sobriety/,/blog/,true
/blog/how-different-types-of-addiction-impact-your-sleep/,/blog/,true
/blog/how-difficult-is-cocaine-detox/,/what-we-treat/stimulant-addiction/,true
/blog/how-do-i-adjust-to-life-after-dui-jail-time/,/what-we-treat/alcohol-addiction/,true
/blog/how-do-i-choose-the-right-rehab/,/blog/,true
/blog/how-do-i-create-a-daily-routine-in-an-intensive-outpatient-program/,/blog/,true
/blog/how-do-i-create-a-relapse-prevention-plan-in-recovery/,/insurance/,true
/blog/how-do-i-explain-dui-jail-time-to-my-family/,/what-we-treat/alcohol-addiction/,true
/blog/how-do-i-set-boundaries-with-old-friends-after-opioid-treatment/,/what-we-treat/opioid-addiction/,true
/blog/how-do-i-support-my-son-through-alcohol-addiction-treatment/,/what-we-treat/alcohol-addiction/,true
/blog/how-do-mental-health-disorders-inform-addiction/,/dual-diagnosis/,true
/blog/how-do-pain-management-and-fentanyl-addiction-connect/,/what-we-treat/opioid-addiction/fentanyl/,true
/blog/how-does-a-healthy-diet-improve-mental-health/,/dual-diagnosis/,true
/blog/how-does-language-affect-my-addiction-recovery/,/insurance/,true
/blog/how-does-pain-management-in-addiction-recovery-work/,/insurance/,true
/blog/how-does-sleep-help-with-pain-management-in-addiction-recovery/,/insurance/,true
/blog/how-does-social-media-impact-my-addiction-recovery/,/insurance/,true
/blog/how-does-spirituality-in-recovery-affect-me/,/insurance/,true
/blog/how-family-support-helps-in-addiction-treatment/,/for-families/,true
/blog/how-individual-therapy-can-build-your-social-support-network/,/therapies/,true
/blog/how-learning-to-manage-stress-helps-with-fentanyl-overdose-prevention/,/what-we-treat/opioid-addiction/fentanyl/,true
/blog/how-long-do-drugs-stay-in-your-system/,/blog/,true
/blog/how-long-do-opioids-stay-in-your-system/,/what-we-treat/opioid-addiction/,true
/blog/how-long-does-addiction-recovery-take/,/insurance/,true
/blog/how-long-does-alcohol-stay-in-your-system/,/what-we-treat/alcohol-addiction/,true
/blog/how-long-does-alcohol-withdrawal-last/,/what-we-treat/alcohol-addiction/,true
/blog/how-long-does-fentanyl-stay-in-your-system/,/what-we-treat/opioid-addiction/fentanyl/,true
/blog/how-long-does-it-take-to-detox-from-alcohol/,/what-we-treat/alcohol-addiction/,true
/blog/how-long-does-xanax-stay-in-your-system/,/what-we-treat/benzodiazepine-addiction/,true
/blog/how-opioid-treatment-helps-men-manage-panic-disorder-while-sober/,/what-we-treat/opioid-addiction/,true
/blog/how-physical-trauma-affects-addiction/,/dual-diagnosis/,true
/blog/how-to-approach-a-loved-one-about-his-or-her-addiction/,/for-families/,true
/blog/how-to-break-old-habits-after-leaving-an-addiction-treatment-center/,/residential-treatment/,true
/blog/how-to-build-a-positive-supportive-network-in-addiction-recovery/,/insurance/,true
/blog/how-to-choose-the-best-inpatient-substance-abuse-treatment/,/residential-treatment/,true
/blog/how-to-combat-social-anxiety/,/what-we-treat/anxiety/,true
/blog/how-to-cultivate-self-confidence-following-alcohol-detox-and-treatment/,/what-we-treat/alcohol-addiction/,true
/blog/how-to-decide-if-a-12-step-program-is-right-for-me/,/therapies/,true
/blog/how-to-get-help-for-addiction-where-to-start-and-what-you-need-to-do/,/blog/,true
/blog/how-to-handle-holiday-stress-in-recovery/,/insurance/,true
/blog/how-to-pay-for-rehab-in-arizona-what-are-your-options/,/insurance/,true
/blog/how-to-prepare-before-entering-an-addiction-treatment-center/,/residential-treatment/,true
/blog/how-to-prepare-for-a-dui-court-hearing/,/what-we-treat/alcohol-addiction/,true
/blog/how-to-stay-inspired-to-change-after-drug-and-alcohol-treatment/,/what-we-treat/alcohol-addiction/,true
/blog/how-to-tell-if-a-rehab-center-is-actually-clinical/,/residential-treatment/,true
/blog/how-will-dui-jail-time-affect-my-recovery/,/what-we-treat/alcohol-addiction/,true
/blog/how-will-recovery-affect-my-job/,/insurance/,true
/blog/how-young-men-can-build-self-esteem-following-alcohol-rehab/,/what-we-treat/alcohol-addiction/,true
/blog/how-your-diet-affects-addiction-recovery/,/insurance/,true
/blog/hydrocodone-addiction/,/what-we-treat/opioid-addiction/,true
/blog/hydrocodone-and-alcohol/,/what-we-treat/opioid-addiction/,true
/blog/hydrocodone-overdose/,/what-we-treat/opioid-addiction/,true
/blog/i-finished-alcohol-detox-and-treatment-now-what/,/what-we-treat/alcohol-addiction/,true
/blog/identifying-different-types-of-addiction-in-young-adults/,/blog/,true
/blog/identifying-the-signs-of-marijuana-addiction/,/blog/,true
/blog/individualized-care-improves-pain-management-in-addiction-recovery/,/insurance/,true
/blog/insurance-plans-that-cover-dual-diagnosis-rehab-programs/,/dual-diagnosis/,true
/blog/intensive-outpatient-program/,/blog/,true
/blog/introducing-the-buena-vista-recovery-app-join-our-community/,/insurance/,true
/blog/is-addiction-genetic/,/blog/,true
/blog/is-alcohol-use-among-men-more-common/,/what-we-treat/alcohol-addiction/,true
/blog/is-an-intensive-outpatient-program-iop-right-for-me/,/blog/,true
/blog/is-cocaine-detox-different-for-men/,/what-we-treat/stimulant-addiction/,true
/blog/is-inpatient-or-outpatient-treatment-better-for-a-pain-pill-addiction/,/residential-treatment/,true
/blog/is-it-too-late-for-me-to-enter-alcohol-detox-for-my-addiction/,/what-we-treat/alcohol-addiction/,true
/blog/is-medication-assisted-treatment-effective/,/blog/,true
/blog/is-my-child-struggling-with-addiction/,/for-families/,true
/blog/is-my-loved-one-struggling-with-addiction/,/for-families/,true
/blog/is-social-anxiety-affecting-my-substance-use/,/what-we-treat/anxiety/,true
/blog/keeping-yourself-motivated-throughout-recovery/,/insurance/,true
/blog/learning-to-re-imagine-your-life-after-alcohol-detox/,/what-we-treat/alcohol-addiction/,true
/blog/legal-issues-associated-with-rehab/,/blog/,true
/blog/life-after-rehab-applying-skills-learned-in-rehab-to-your-life/,/programs/aftercare/,true
/blog/local-or-out-of-state-drug-detox-center-how-to-decide/,/medical-detox/,true
/blog/long-term-effects-of-vicodin-risks-addiction-treatment/,/what-we-treat/opioid-addiction/,true
/blog/managing-boredom-in-recovery/,/insurance/,true
/blog/mat-for-opioid-use/,/what-we-treat/opioid-addiction/,true
/blog/medical-detox-for-alcohol-addiction-and-the-next-steps/,/what-we-treat/alcohol-addiction/,true
/blog/medical-detox-overcoming-abuse/,/medical-detox/,true
/blog/medication-assisted-treatment/,/blog/,true
/blog/meth-addiction-treatment-and-recovery-where-to-find-help/,/what-we-treat/stimulant-addiction/,true
/blog/meth-withdrawal-timeline-what-you-need-to-know/,/what-we-treat/stimulant-addiction/,true
/blog/mixing-stimulants-and-depressants-dangers-consequences-/,/what-we-treat/stimulant-addiction/,true
/blog/most-common-relapse-triggers-and-how-to-manage-them/,/programs/aftercare/,true
/blog/myths-about-medication-assisted-treatment/,/blog/,true
/blog/natural-insomnia-remedies-stop-counting-sheep-and-start-counting-zzzzs/,/blog/,true
/blog/negative-impacts-of-alcohol-on-society/,/what-we-treat/alcohol-addiction/,true
/blog/opiate-addiction-treatment-options/,/what-we-treat/opioid-addiction/,true
/blog/opiate-detox-timeline/,/what-we-treat/opioid-addiction/,true
/blog/opiate-detox-treatment/,/what-we-treat/opioid-addiction/,true
/blog/opiod_addiction_and_chronic_pain/,/blog/,true
/blog/opioid-overdose-reversal/,/what-we-treat/opioid-addiction/,true
/blog/outpatient-rehab-building-a-social-support-network-managing-stress/,/about/,true
/blog/overcoming-adverse-childhood-experiences-and-addiction/,/for-families/,true
/blog/overcoming-the-effects-of-anger-in-addiction-recovery/,/insurance/,true
/blog/overcoming-the-effects-of-seasonal-affective-disorder-sad/,/blog/,true
/blog/overcoming-the-stigmas-of-men-pursuing-addiction-treatment/,/blog/,true
/blog/page/2/,/blog/,true
/blog/page/5/,/blog/,true
/blog/parents-with-addiction/,/for-families/,true
/blog/partial-hospitalization-program-vs-iop-understand-the-difference/,/blog/,true
/blog/podcast-ep-2-meet-bobby-cording/,/blog/,true
/blog/preparing-for-detox-setting-expectations/,/medical-detox/,true
/blog/prescription-drug-withdrawal-symptoms/,/medical-detox/,true
/blog/preventing-relapse-during-quarantine/,/programs/aftercare/,true
/blog/recognizing-the-signs-and-symptoms-of-opioid-abuse/,/what-we-treat/opioid-addiction/,true
/blog/recollecting-your-life-after-a-dui/,/what-we-treat/alcohol-addiction/,true
/blog/rehab-facts-vs-fiction/,/blog/,true
/blog/relapse-in-the-recovery-process/,/insurance/,true
/blog/relapse-prevention-longer-stays-ongoing-support/,/programs/aftercare/,true
/blog/residential-vs-intensive-outpatient-programs-whats-the-difference/,/residential-treatment/,true
/blog/returning-to-work-after-substance-abuse-treatment/,/about/,true
/blog/scared-to-go-to-rehab/,/blog/,true
/blog/sharing-inpatient-substance-abuse-treatment-experience-with-your-wife/,/for-families/,true
/blog/should-i-tell-my-family-i-need-to-go-to-an-opioid-treatment-program/,/what-we-treat/opioid-addiction/,true
/blog/signs-and-symptoms-of-substance-abuse/,/blog/,true
/blog/signs-that-your-loved-one-might-have-an-addiction/,/for-families/,true
/blog/signs-you-may-be-nearing-a-fentanyl-overdose/,/what-we-treat/opioid-addiction/fentanyl/,true
/blog/suboxone-detox-treatment/,/what-we-treat/opioid-addiction/,true
/blog/suboxone-withdrawal/,/what-we-treat/opioid-addiction/,true
/blog/substance-abuse-disorder/,/blog/,true
/blog/substance-abuse-therapy/,/therapies/,true
/blog/substance-abuse-treatment-for-medical-professionals/,/blog/,true
/blog/supporting-a-loved-one-through-anxiety-panic-and-addiction/,/what-we-treat/anxiety/,true
/blog/taking-charge-of-your-sober-thanksgiving/,/blog/,true
/blog/talking-to-a-spouse-about-substance-use/,/for-families/,true
/blog/the-2-different-types-of-addiction-with-examples/,/blog/,true
/blog/the-benefits-of-group-therapy/,/therapies/,true
/blog/the-benefits-of-mindfulness-meditation-during-addiction-treatment/,/blog/,true
/blog/the-biology-of-detox/,/medical-detox/,true
/blog/the-dangerous-effects-of-depression/,/what-we-treat/depression/,true
/blog/the-difference-between-slips-and-relapse-in-recovery/,/insurance/,true
/blog/the-differences-between-inpatient-and-outpatient-addiction-treatments/,/residential-treatment/,true
/blog/the-different-types-of-goals-to-set-for-2021/,/blog/,true
/blog/the-effects-of-addiction-on-children/,/for-families/,true
/blog/the-emotional-impact-of-a-dui-conviction/,/what-we-treat/alcohol-addiction/,true
/blog/the-good-bad-and-ugly-what-the-road-to-recovery-really-looks-like/,/insurance/,true
/blog/the-impact-of-addiction-on-the-family/,/for-families/,true
/blog/the-impact-of-dui-jail-time-on-my-recovery/,/what-we-treat/alcohol-addiction/,true
/blog/the-importance-of-individualized-therapy-after-dui-jail-time/,/what-we-treat/alcohol-addiction/,true
/blog/the-many-forms-of-addiction/,/blog/,true
/blog/the-role-of-comfort-and-luxury-in-overcoming-addiction/,/blog/,true
/blog/the-role-of-community-in-recovery/,/insurance/,true
/blog/the-role-of-community-in-relapse-prevention/,/programs/aftercare/,true
/blog/the-role-of-gratitude-in-addiction-recovery/,/insurance/,true
/blog/the-story-of-jesus-g-gutierrez/,/blog/,true
/blog/tools-for-recovery/,/insurance/,true
/blog/trauma-and-its-effects-on-substance-use/,/dual-diagnosis/,true
/blog/understanding-addiction-as-a-disease-and-how-it-develops/,/blog/,true
/blog/understanding-alcohol-abuse/,/what-we-treat/alcohol-addiction/,true
/blog/understanding-psychological-addiction/,/blog/,true
/blog/understanding-the-different-alcohol-detox-symptoms/,/what-we-treat/alcohol-addiction/,true
/blog/understanding-the-need-for-medical-detox/,/medical-detox/,true
/blog/using-cognitive-behavioral-therapy-in-addiction-treatment/,/therapies/,true
/blog/using-medication-during-opioid-withdrawal/,/what-we-treat/opioid-addiction/,true
/blog/using-technology-to-facilitate-continued-healing/,/blog/,true
/blog/vicodin-dependence-short-and-long-term-effects/,/what-we-treat/opioid-addiction/,true
/blog/what-actually-happens-in-your-first-72-hours-in-detox/,/medical-detox/,true
/blog/what-are-coping-skills-for-different-types-of-addiction/,/blog/,true
/blog/what-are-some-drug-and-alcohol-treatment-centers-in-arizona/,/what-we-treat/alcohol-addiction/,true
/blog/what-are-the-benefits-of-cognitive-behavioral-therapy-cbt/,/therapies/,true
/blog/what-are-the-differences-between-crack-and-cocaine/,/what-we-treat/stimulant-addiction/,true
/blog/what-are-the-signs-of-heroin-overdose/,/what-we-treat/opioid-addiction/,true
/blog/what-are-the-symptoms-of-alcohol-withdrawal/,/what-we-treat/alcohol-addiction/,true
/blog/what-can-i-expect-in-residential-treatment/,/residential-treatment/,true
/blog/what-does-treatment-look-like-at-an-arizona-addiction-recovery-center/,/insurance/,true
/blog/what-happens-in-outpatient-rehab/,/blog/,true
/blog/what-happens-to-my-brain-when-i-become-addicted-to-substances/,/blog/,true
/blog/what-happens-when-i-arrive-at-treatment/,/blog/,true
/blog/what-is-a-dual-diagnosis/,/dual-diagnosis/,true
/blog/what-is-alcohol-detox-medication/,/what-we-treat/alcohol-addiction/,true
/blog/what-is-medical-detox/,/medical-detox/,true
/blog/what-is-relapse-in-addiction/,/programs/aftercare/,true
/blog/what-is-the-biology-of-addiction/,/blog/,true
/blog/what-is-the-connection-between-trauma-self-medicating-and-addiction/,/dual-diagnosis/,true
/blog/what-is-toxic-positivity-and-how-does-it-affect-addiction-recovery/,/insurance/,true
/blog/what-recovery-looks-like-6-months-after-rehab/,/insurance/,true
/blog/whats-the-difference-between-stimulants-depressants/,/what-we-treat/stimulant-addiction/,true
/blog/when-is-detwhen-is-detox-necessaryox-necessary/,/medical-detox/,true
/blog/when-is-it-time-to-call-an-inpatient-rehabilitation-center/,/residential-treatment/,true
/blog/which-prescription-drugs-can-lead-to-addiction/,/blog/,true
/blog/who-makes-the-most-effective-supports-in-recovery/,/insurance/,true
/blog/why-connection-matters-so-much-after-an-intensive-outpatient-program/,/blog/,true
/blog/why-do-addicts-relapse-even-if-things-are-good/,/programs/aftercare/,true
/blog/why-does-buena-vista-believe-case-management-is-important-in-recovery/,/insurance/,true
/blog/why-is-detox-necessary/,/medical-detox/,true
/blog/why-is-family-education-important-in-addiction-recovery/,/for-families/,true
/blog/why-is-fentanyl-so-dangerous-a-detailed-look/,/what-we-treat/opioid-addiction/fentanyl/,true
/blog/why-some-people-get-worse-after-rehab/,/blog/,true
/blog/why-you-should-consider-going-out-of-state-for-rehab/,/blog/,true
/blog/will-a-fentanyl-overdose-change-my-thought-process-long-term/,/what-we-treat/opioid-addiction/fentanyl/,true
/blog/will-alcohol-rehab-help-after-a-dui/,/what-we-treat/alcohol-addiction/,true
/blog/will-medication-assisted-treatment-help-after-a-fentanyl-overdose/,/what-we-treat/opioid-addiction/fentanyl/,true
/blog/will-my-parents-support-me-through-drug-and-alcohol-treatment/,/what-we-treat/alcohol-addiction/,true
/blog/will-trying-a-detox-center-near-me-help/,/medical-detox/,true
/blog/will-xanax-detox-have-negative-long-term-effects/,/what-we-treat/benzodiazepine-addiction/,true
/blog/work-related-anxiety-and-substance-abuse/,/what-we-treat/anxiety/,true
/blog/xanax-addiction-treatment-plan-whats-the-best-option-for-me/,/what-we-treat/benzodiazepine-addiction/,true
/blog/xanax-detox-is-it-safe-to-do-at-home/,/what-we-treat/benzodiazepine-addiction/,true
/blog/xanax-withdrawal/,/what-we-treat/benzodiazepine-addiction/,true
/blog/your-guide-to-physical-addiction-and-how-to-get-help/,/blog/,true
/careers/,/about/,true
/chandler-facility/,/,true
/contact-us/,/about/contact/,true
/glossary/,/resources/,true
/glossary/adderall/,/what-we-treat/stimulant-addiction/,true
/glossary/addiction/,/blog/,true
/glossary/ayahuasca/,/blog/,true
/glossary/bath-salts/,/blog/,true
/glossary/benzodiazepines/,/what-we-treat/benzodiazepine-addiction/,true
/glossary/cocaine/,/what-we-treat/stimulant-addiction/,true
/glossary/codeine/,/what-we-treat/opioid-addiction/,true
/glossary/depression/,/what-we-treat/depression/,true
/glossary/dwi/,/blog/,true
/glossary/ecstasy-mdma/,/blog/,true
/glossary/hydrocodone-facts/,/what-we-treat/opioid-addiction/,true
/glossary/ketamine/,/blog/,true
/glossary/oxycodone/,/what-we-treat/opioid-addiction/,true
/glossary/painkillers/,/blog/,true
/glossary/suboxone/,/what-we-treat/opioid-addiction/,true
/insurance/aetna-insurance-for-addiction-treatment/,/insurance/,true
/insurance/ahcccs-insurance-for-addiction-treatment/,/insurance/ahcccs-medicaid/,true
/insurance/beacon-insurance/,/insurance/,true
/insurance/bluecross-blueshield-insurance-for-addiction-treatment/,/insurance/,true
/insurance/cerner-insurance-for-addiction-treatment/,/insurance/,true
/insurance/cigna-insurance-for-addiction-treatment/,/insurance/,true
/insurance/compsych-insurance/,/insurance/,true
/insurance/first-health-network-insurance/,/insurance/,true
/insurance/harvard-pilgrim-insurance/,/insurance/,true
/insurance/humana-insurance-for-drug-alcohol-rehab/,/insurance/,true
/insurance/in-network/,/insurance/,true
/insurance/in-network/american-indian-health-program/,/insurance/ahcccs-medicaid/,true
/insurance/in-network/care1st/,/insurance/ahcccs-medicaid/,true
/insurance/in-network/usa-mco-insurance/,/insurance/ahcccs-medicaid/,true
/insurance/insurance-verification/,/insurance/verify-your-benefits/,true
/insurance/kaiser-permanente-insurance/,/insurance/,true
/insurance/kaiser_permanente_insurance/,/,true
/insurance/magellan-complete-care/,/insurance/ahcccs-medicaid/,true
/insurance/mercy-care/,/insurance/ahcccs-medicaid/,true
/insurance/multiplan-insurance/,/insurance/,true
/insurance/out-of-network/,/insurance/,true
/insurance/out-of-network/anthem-bcbs-insurance-for-addiction-treatment/,/insurance/,true
/insurance/out-of-network/magellan-health-insurance/,/insurance/,true
/insurance/out-of-network/presbyterian-insurance/,/insurance/,true
/insurance/out-of-network/tricare/,/insurance/,true
/insurance/tufts-health-insurance/,/insurance/,true
/insurance/unitedhealthcare-insurance/,/insurance/,true
/iop-treatment-arizona/,/programs/intensive-outpatient-iop/,true
/locations/alcohol-and-drug-rehab-chandler-az/,/locations/chandler/,true
/locations/alcohol-and-drug-rehab-tucson-az/,/locations/tucson/,true
/locations/cave-creek/,/locations/,true
/locations/scottsdale-arizona/,/locations/scottsdale/,true
/locations/who-we-serve/,/who-we-serve/,true
/locations/who-we-serve/1182-2/,/,true
/locations/who-we-serve/california-substance-abuse-treatment-facility/,/locations/,true
/locations/who-we-serve/georgia-substance-abuse-treatment/,/locations/,true
/locations/who-we-serve/illinois-rehab-centers/,/locations/,true
/locations/who-we-serve/in-state/,/locations/,true
/locations/who-we-serve/in-state/998-2/,/locations/,true
/locations/who-we-serve/in-state/phoenix-az/,/locations/phoenix/,true
/locations/who-we-serve/in-state/scottsdale/,/locations/,true
/locations/who-we-serve/nevada-substance-abuse-treatment/,/locations/,true
/locations/who-we-serve/new-mexico-rehab-facility/,/locations/,true
/locations/who-we-serve/new-york-substance-abuse-treatment/,/locations/,true
/locations/who-we-serve/out-of-state/,/locations/,true
/locations/who-we-serve/out-of-state/colorado-drug-rehab-center/,/locations/,true
/locations/who-we-serve/out-of-state/florida-drug-rehab-centers/,/locations/,true
/locations/who-we-serve/out-of-state/utah-substance-abuse-treatment/,/locations/,true
/locations/who-we-serve/texas-drug-rehab-center/,/locations/,true
/notice-of-privacy-practices/,/,true
/our-programs/,/programs/,true
/our-programs/buena-vista-alumni-program/,/programs/aftercare/,true
/our-programs/inpatient/,/residential-treatment/,true
/our-programs/inpatient/alcoholism/,/what-we-treat/alcohol-addiction/,true
/our-programs/inpatient/substance-abuse/,/residential-treatment/,true
/our-programs/iop-treatment-arizona/,/programs/intensive-outpatient-iop/,true
/our-programs/medical-detox/,/medical-detox/,true
/our-programs/medical-detox/alcohol-detox/,/what-we-treat/alcohol-addiction/,true
/our-programs/medical-detox/drug-detox/,/medical-detox/,true
/our-programs/medical-detox/drug-detox/opioid-drug-detox/,/what-we-treat/opioid-addiction/,true
/our-programs/medical-detox/drug-detox/opioid-drug-detox/heroin/,/what-we-treat/opioid-addiction/,true
/our-programs/medical-detox/drug-detox/opioid-drug-detox/oxycontin/,/what-we-treat/opioid-addiction/,true
/our-programs/medical-detox/drug-detox/opioid-drug-detox/vicodin/,/what-we-treat/opioid-addiction/,true
/our-programs/medical-detox/drug-detox/prescription-drug-detox/,/what-we-treat/opioid-addiction/,true
/our-programs/medical-detox/drug-detox/prescription-drug-detox/xanax/,/what-we-treat/benzodiazepine-addiction/,true
/our-programs/medical-detox/drug-detox/stimulant-drug-detox/,/what-we-treat/stimulant-addiction/,true
/our-programs/medical-detox/drug-detox/stimulant-drug-detox/cocaine/,/what-we-treat/stimulant-addiction/,true
/our-programs/medical-detox/drug-detox/stimulant-drug-detox/marijuana/,/what-we-treat/,true
/our-programs/medical-detox/drug-detox/stimulant-drug-detox/meth/,/what-we-treat/stimulant-addiction/methamphetamine/,true
/our-programs/medication-assisted-treatment-mat/,/what-we-treat/opioid-addiction/,true
/our-programs/outpatient-treatment/,/programs/intensive-outpatient-iop/,true
/our-programs/therapy/,/therapies/,true
/our-programs/therapy/12-step-program/,/therapies/,true
/our-programs/therapy/cognitive-behavioral-therapy/,/therapies/,true
/our-programs/therapy/grief-therapy/,/therapies/,true
/our-programs/therapy/group-therapy/,/therapies/,true
/our-programs/therapy/individual-counseling/,/therapies/,true
/our-programs/therapy/trauma-focused-therapy/,/therapies/,true
/our-programs/virtual-iop-treatment-arizona/,/programs/intensive-outpatient-iop/,true
/podcast/,/resources/,true
/privacy-policy/,/,true
/site-map/,/sitemap/,true
/tatum-ranch-arizona-facility/,/,true
/terms-of-use/,/,true
/the-2-different-types-of-addiction-with-examples/,/what-we-treat/,true
/tucson-facility/,/,true
/who-we-help/,/who-we-serve/,true
/who-we-help/professionals/,/referrals/,true
/who-we-help/professionals/impaired-physicians-program/,/referrals/,true
/who-we-help/young-adults/,/who-we-serve/,true
